title,company_name,location,via,company_freq,location_freq,via_freq
Senior Blockchain Software Engineer,Truist, Anywhere , ZipRecruiter,1,108,30
Get twitter accounts that are tied to blockchain addresses - will...,Upwork, Anywhere , Upwork,34,108,34
Blockchain Analyst,Allium,"  New York, NY   ", Jobs,1,23,4
Full Stack Blockchain Engineer,geojam,"  Los Angeles, CA   ", AngelList,1,8,19
Blockchain Engineer - Apps Platform at Exodus in Remote,Exodus,"  Livermore, CA   "," Livermore, CA - Geebo",1,3,1
Blockchain Data Analytics: Tech Lead - Assistant Director 1,EY,"  New York, NY   ", EY Careers,1,23,1
STI25526 Technical Architect Block Chain,Software Technology Inc.,"  Irving, TX   ", LinkedIn,1,5,33
Ethereum Blockchain Developer (Remote),Ex Populus, Anywhere , Built In,1,108,7
Blockchain & Digital Assets Manager,Deloitte,"  Mechanicsburg, PA   ", Deloitte Jobs,3,1,3
Blockchain Engineer,Protochain Research,"  New York, NY   ", Jobs,1,23,4
Sr. Data Scientist (NLP),MCKESSON,  Texas   , Jobs At MCKESSON,1,2,1
Sr Dir Data Science & Analytics,Northwestern Mutual,"  Milwaukee, WI   ", Northwestern Mutual Careers,1,1,1
Data Scientist Senior,CHRISTUS Health,"  Irving, TX   ", Christus Health Careers,2,5,2
"Director, Global Demand Data Scientist Lead","7Z4 Pfizer, Inc.", Anywhere , Workday,1,108,7
Data Scientist,John Deere, Anywhere , Salary.com,1,108,6
Data Scientist,Trustees of University of Pennsylvania, Anywhere , Careers@Penn,1,108,1
Pre Sales Data Scientist,Explorium,  United States   , Comeet,1,24,1
ESG Data Scientist,CBRE,"  Dallas, TX   ", Careers - CBRE,1,4,1
Data Scientist,Mars,"  Chicago, IL   "," Careers At Mars - Mars, Incorporated",1,11,1
Data Scientist,Parsons Corporation,"  Colorado Springs, CO   ", Parsons Corporation Jobs,1,2,1
Data Scientist - Natural Language Processing (remote),MultiPlan Inc., Anywhere , Glassdoor,1,108,5
Data Scientist - Natural Language Processing (REMOTE),Government Employees Insurance Company - GEICO,"  Chevy Chase, MD   ", Karkidi,1,1,7
"Natural Language Processing and Data Analytics Manager (New York, NY)",CEDENT,"  New York, NY   ", ZipRecruiter,1,23,30
Natural Language Processing (NLP) Engineer,Upwork, Anywhere , Upwork,34,108,34
"Senior AI/ML Ops Engineer, Deep Learning for Natural Language...",Covera Health,"  New York, NY   ", AngelList,2,23,19
Natural Language Processing Scientist,MetaMetrics Inc,  United States   , Indeed,1,24,7
Natural Language Processing Engineer​/PhD,FuseMachines,"  Montreal, MO   ", Learn4Good.com,1,1,1
Data Scientist (NLP - Natural Language Processing),Authenticx, Anywhere , StartWire,2,108,3
"ISE, Input Experience - Software Engineer in Natural Language...",Apple,"  Cupertino, CA   ", Careers At Apple,10,7,8
"AI Technology and Systems, Artificial Intelligence Researcher...",MIT Lincoln Laboratory,"  Lexington, MA   ", Jobs At MIT Lincoln Laboratory - Massachusetts Institute Of Technology,2,2,2
Staff Machine Learning Software Engineer - Behavior Planning,Aurora Innovation,"  Seattle, WA   ", Aurora Innovation,1,7,1
"Senior Machine Learning Engineer (Modeling), Risk",Block,"  San Francisco, CA   ", SmartRecruiters Job Search,1,16,5
NLP Researcher-Reinforcement Learning Algorithms,Tencent Americas,  Washington   , LinkedIn,2,1,33
Sr. Software Engineer II/ Sr Machine Learning Engineer,Staples,  Texas   (+5 others)   , Staples Jobs,1,1,1
Senior AI Scientist - Machine Learning for Biologics Engineering,10001252 - AI Science Specialist,"  Waltham, MA   ", AstraZeneca Careers,1,1,1
Research Intern - Machine Learning,Microsoft,"  Redmond, WA   ", Microsoft Careers,5,3,4
Senior Machine Learning and Perception Engineer,Teradyne,"  North Reading, MA   ", Teradyne Companies,1,1,1
Machine Learning Internship,Got It AI,"  Palo Alto, CA   ", AngelList,1,9,19
Hewlett Packard Labs - Machine Learning Research Scientist...,HPE1US,"  Milpitas, CA   ", HPE Careers,1,2,1
Hewlett Packard Labs - Machine Learning Research Associate Intern,Hewlett Packard Enterprise,"  Milpitas, CA   ", Diversity.com,1,2,1
we need an expert to consult on the GNNs (graph neural networks...,Upwork, Anywhere , Upwork,34,108,34
Deep Neural Network Standalone Device,Upwork, Anywhere , Upwork,34,108,34
Query-Based Abstractive Summarization Using Neural Networks,Upwork, Anywhere , Upwork,34,108,34
Deep Learning Expert Wanted,Upwork, Anywhere , Upwork,34,108,34
Graph neural networks professional or academic for 3d data,Upwork, Anywhere , Upwork,34,108,34
Need an expert to consult on GNNs (graph neural networks),Upwork, Anywhere , Upwork,34,108,34
Neural Network (20266) - Contract to Hire,Upwork, Anywhere , Upwork,34,108,34
Train a neural network model using a specific knowledge database...,Upwork, Anywhere , Upwork,34,108,34
"Help to build custom AI based on Real-Time NEAT, Machine Learning...",Upwork, Anywhere , Upwork,34,108,34
Python Algorithm for Convolution Neural network - Contract to Hire,Upwork, Anywhere , Upwork,34,108,34
"Cloud Design Engineer 2 (Baltimore, MD)",Orion Consortium,"  Crownsville, MD   ", Built In,1,1,7
Senior Big Data / Web Services Engineer,SSI,"  Boston, MA   ", HackerX,1,4,1
Data Cloud Architect - GSI Partners,Snowflake Computing,"  San Mateo, CA   ", Employbl,1,3,2
Cloud Software Engineer,Base-2 Solutions,  Maryland   , Base-2 Solutions - Talentify,1,1,1
"Enterprise -  Senior Cloud Software Engineer - NiFi, JavaScript, Node","Erias Ventures, LLC","  Annapolis Junction, MD   "," Erias Ventures, LLC",2,12,1
Cloud Software Engineer 2 - Security Clearance Required,Raytheon Technologies,"  Annapolis, MD   ", FOX44 News Jobs,3,4,3
Sr Big Data Consultant - Nationwide opportunities,"Amazon Web Services, Inc.","  San Francisco, CA   "," San Francisco, CA - Geebo",2,16,2
Cloud Software Engineer HYBRID,Limitless Talent Solutions,"  Catonsville, MD   ", ZipRecruiter,2,3,30
Cloud Software Engineer,"Base-2 Solutions, LLC","  Annapolis Junction, MD   ", Taleo Business Edition,1,12,1
"Cloud Software Engineer Level 3 (Baltimore, MD)",IntelliGenesis LLC,"  Columbia, MD   ", Built In,1,1,7
Master Data Analyst,Cargill,"  Olathe, KS   ", Career At Cargill,1,2,1
Data Analyst,Rectangle Health, Anywhere , LinkedIn,1,108,33
Senior Data Analyst,Tendo Systems, Anywhere , Startup Jobs,1,108,8
Senior Data Analyst,Walmart,"  Bentonville, AR   ", Walmart Careers,9,6,4
Data Analyst,Robert Half,  United States   , LinkedIn,3,24,33
Provider Data Management Analyst II,Corporate,  Missouri   , Centene - Centene Corporation,3,2,3
Business Data Analyst,Aurora Solar,  United States   , Lever,1,24,13
"Analyst III, Technology Operations (Data Analyst)",Walmart,"  Rogers, AR   ", ZipRecruiter,9,1,30
Encounters Data Analyst III,CareSource,  United States   , CareSource Careers,1,24,1
District Data Analyst,Nebraska State Government,"  Beatrice, NE   ", Government Jobs,2,2,2
Principal Machine Learning Engineer,Informatica,"  Redwood City, CA   ", Careers At Informatica Gr8people,2,2,2
Principal Machine Learning Engineer (Remote),ServiceTitan, Anywhere , Built In LA,1,108,1
Machine Learning Infrastructure Engineer,Snap Inc., Anywhere , Wd1.Myworkdaysite.com,4,108,1
Machine Learning Technical Support,Johns Hopkins Applied Physics Laboratory,"  Laurel, MD   ", Jobs - Johns Hopkins University Applied Physics Laboratory,2,2,2
Staff Machine Learning Engineer,Iterative Health, Anywhere , AngelList,3,108,19
"Manager, Product Management - Data Insights, Machine Learning",Capital One - US,"  Plano, TX   ", Capital One Careers,1,2,1
"Staff Machine Learning Engineer (San Francisco, CA or Remote)",Iterative Health, Anywhere , Built In San Francisco,3,108,3
Machine Learning Engineer,Oak Ridge National Laboratory,"  Oak Ridge, TN   ", ORNL Jobs - Oak Ridge National Laboratory,4,4,4
Principal Machine Learning Scientist,Barrington James,"  San Francisco, CA   ", LinkedIn,1,16,33
Lead Data Engineer-Machine Learning,Wells Fargo,"  Irving, TX  (+1 other)    ", Wellsfargojobs.com,1,1,1
Machine Learning Engineer III,Expedia Group,"  Seattle, WA   ", Expedia Group - Talentify,2,7,2
"Senior AI Scientist, Artificial Intelligence/Machine Learning",Genentech,"  Bolinas, CA   ", WRBL Jobs,3,1,2
"AIML - Staff Machine Learning Engineer, Data & ML Innovation",Apple,"  Cupertino, CA   ", Careers At Apple,10,7,8
"Software Engineer, Machine Learning - Generative AI",Facebook,"  New York, NY   ", LocalJobs.com,3,23,5
"Principal Machine Learning Engineer, New Initiatives (Remote)",Dropbox, Anywhere , Built In San Francisco,1,108,3
Senior Machine Learning Engineer- Pricing Strategy  ( 100% Remote),Hopper,"  Boston, MA   ", Lever,1,4,13
"Data Science Tech Lead, Machine Learning",DoorDash,"  San Francisco, CA   ", The Muse,1,16,2
Lead Machine Learning Engineer,Tala, Anywhere , LinkedIn,1,108,33
"Lead Software Engineer, Machine Learning Platform",Chime,"  San Francisco, CA   ", Careers At Chime,1,16,1
"Solutions Architect, AI Specialist",2100 NVIDIA USA, Anywhere , Workday,2,108,7
Provider Data Management Analyst II,Corporate,  Missouri   , Centene - Centene Corporation,3,2,3
District Data Analyst,Nebraska State Government,"  Beatrice, NE   ", Government Jobs,2,2,2
Staff Data Analyst - Data Ventures,Walmart,"  Bentonville, AR   ", ZipRecruiter,9,6,30
Biostatistician / Data Analyst,Oklahoma Medical Research Foundation (OMRF),"  Oklahoma City, OK   ", Nature,1,5,1
Data Loss Prevention Data Analyst,Ford Motor Company, Anywhere , LinkedIn,1,108,33
Machine Learning Expert/ Data Analyst needed for a uni project,Upwork, Anywhere , Upwork,34,108,34
"Sr. Data Analyst, Marketing Operations",Cox Enterprises,  United States   (+26 others)   , Cox Careers - Cox Enterprises,2,2,2
"HR Data & Technology Analyst, Associate",The Rector & Visitors of the University of Virginia, Anywhere , Workday,1,108,7
Data Analyst/Drilling Engineering Technician,Airswift,"  Oklahoma City, OK   ", Airswift,2,5,2
Data Analyst,American Technology Consulting - ATC,  United States   , LinkedIn,1,24,33
Cloud Software Engineer (Hybrid),PerunHR,"  Catonsville, MD   ", Jobs By Workable,1,3,5
Big Data Architect,Triumph Tech,  United States   , Startup Jobs,1,24,8
"Technical Support Engineer (L5) - Data Platform, Big Data / Analytics",Netflix,"  Los Gatos, CA   ", Startup Jobs,1,1,8
Big Data Engineer,Kanini,"  Dearing, KS   ", Jooble,1,1,7
Big Data Architect,Open Systems Technologies,"  New York, NY   ", SmartRecruiters Job Search,1,23,5
Cloud Design Engineer,Castaway Research,"  Annapolis Junction, MD   ", Castaway Research,1,12,1
65 Cloud Design Engineer 2 - Security Clearance Required,Arsiem Corporation,"  Annapolis Junction, MD   ", KLFY Jobs,2,12,2
Cloud Software Engineer Jobs,ManTech International,"  Hanover, MD   ", Clearance Jobs,1,1,5
IC12CSWE3 - Sr. Level Cloud Software Engineer - Cleared,NiSUS Technologies Corporation,"  Annapolis Junction, MD   ", Monster,1,12,4
Cloud Software Engineer -TS/SCI with Poly,CACI,"  Fort Meade, MD   ", Indeed,2,2,7
Research Scientist in Biomedical Natural Language Processing and...,Oak Ridge National Laboratory,"  Oak Ridge, TN   ", ORNL Jobs - Oak Ridge National Laboratory,4,4,4
Natural language processing (NLP) / Artificial Intelligence (AI...,ASK Staffing,"  South San Francisco, CA   ", ASK Consulting,2,5,2
Senior Natural Language Processing Researcher,Leidos,"  Arlington, VA   ", Leidos Careers,2,1,1
Natural language processing (NLP) / Artificial Intelligence (AI...,TalentBurst,"  South San Francisco, CA   ", Dice,1,5,6
Natural Language Processing Expert (NLP) - Fort Meade Area,Morfologica,"  Fort Meade, MD   ", ZipRecruiter,1,2,30
Health Natural Language Processing Research Specialist,University of Michigan,"  Ann Arbor, MI   ", Ann Arbor MI Geebo.com Free Classifieds Ads - Geebo,1,1,1
"ISE, Input Experience - Software Engineer in Natural Language...",Apple,"  Cupertino, CA   ", Careers At Apple,10,7,8
Research Associate  in Natural Language Processing - Now Hiring,SRI International,"  San Diego, CA   ", Snagajob,3,2,5
Data Scientist - Natural Language Processing (NLP),Federal Reserve Bank (FRB),"  Dallas, TX   ", Monster,1,4,4
Research Intern - Deep Learning & Natural Language Processing,Microsoft,"  Redmond, WA   ", Microsoft Careers,5,3,4
Blockchain Course Instructor,Blockchain Institute of Technology, Anywhere , LinkedIn,1,108,33
Blockchain Developer - Contract to Hire,Upwork, Anywhere , Upwork,34,108,34
Blockchain Engineer,21.co,"  New York, NY   ", Greenhouse,2,23,11
Block Chain - Technical Architect,W3Global, Anywhere , Dice,1,108,6
"Senior Principal, Product Manager (Technical, Blockchain/Digital...",BNY Mellon,"  New York, NY   ", Eightfold.ai,1,23,1
Senior Blockchain Developer - Remote,Unstoppable Domains, Anywhere , AngelList,1,108,19
Blockchain SecOps Engineer (US Remote),Axelar, Anywhere , Jobs By Workable,1,108,5
Blockchain Security Lead,EigenLabs,"  Seattle, WA   ", Greenhouse,1,7,11
DeFi Blockchain Co-Founder,Cryptops Exchange, Anywhere , LinkedIn,1,108,33
Blockchain Analyst,Crypto.com,"  Miami, FL   ", Simplify,2,2,3
Staff Data Scientist | Reinforcement Learning,Walmart Global Tech,"  Sunnyvale, CA   ", LinkedIn,2,4,33
"Research Scientist, Machine Learning",OpenAI,"  San Francisco, CA   ", Greenhouse,1,16,11
Machine Learning Developer (Remote),Vertex Inc., Anywhere , ZipRecruiter,1,108,30
python or Matlab developer to help develop a deep reinforcement...,Upwork, Anywhere , Upwork,34,108,34
Applied Machine Learning Engineer,LLNL,"  Livermore, CA   ", SmartRecruiters Job Search,1,3,5
Senior Machine Learning Engineer - Ads (Remote),Quora, Anywhere , Jobs,1,108,4
Research Intern – Reinforcement Learning,Microsoft,"  Berkeley, CA   ", JobzMall,5,1,1
"Research Scientist, AI and Machine Learning at the Edge",Oak Ridge National Laboratory,"  Oak Ridge, TN   ", ORNL Jobs - Oak Ridge National Laboratory,4,4,4
Machine Learning Scientist,Arena AI,"  New York, NY   ", Greenhouse,1,23,11
"A/AI Machine Learning Engineer / Littleton, CO",Lockheed Martin,"  Littleton, CO   ", Lockheed Martin Jobs,3,3,1
Senior Software Engineer (Python / Deep Neural Networks),Jobot,"  Atlanta, GA   ", My ArkLaMiss Jobs,4,4,1
"Machine Learning Engineer, Jr-Mid level, Design Deep Learning...",Riccione Resources, Anywhere , ZipRecruiter,1,108,30
Deep Learning Engineer,Matroid,"  Palo Alto, CA   ", AngelList,1,9,19
Implementing Recurrent Neural Networks,Upwork, Anywhere , Upwork,34,108,34
Machine Learning Research Engineer,Peraton,"  Silver Spring, MD   ", Peraton - ICIMS,2,1,2
Deep learning/Machine Learning developers,Netra,"  Boston, MA   ", AngelList,1,4,19
"AIML -Hardware Engineer, Neural Acceleration",Apple,"  Seattle, WA   ", Careers At Apple,10,7,8
Senior Software Engineer (Python / Deep Neural Networks),Jobot, Anywhere , LinkedIn,4,108,33
Expert in Xgboost/ Random Forest/ Neural Network required for a...,Upwork, Anywhere , Upwork,34,108,34
Software Engineer - AI Machine Learning,Harsco Corporation,"  West Columbia, SC   ", SmartRecruiters Job Search,1,1,5
Senior Deep Learning Tools Developer,Nvidia Corporation,"  Santa Clara, CA   ", ZipRecruiter,1,4,30
Senior Autonomy Engineer - Deep Learning,Skydio,"  San Mateo, CA   ", Greenhouse,1,3,11
Sr. Deep Learning Engineer,Imagry,"  San Jose, CA   ", LinkedIn,2,7,33
Principal Machine Learning Engineer,Informatica,"  Redwood City, CA   ", Careers At Informatica Gr8people,2,2,2
Deep Learning Engineer,WayUp,"  Palo Alto, CA   ", JobLeads,3,9,7
"Staff Machine Learning Engineer (San Francisco, CA or Remote)",Iterative Health, Anywhere , Built In San Francisco,3,108,3
Sr. Deep Learning Engineer,Imagry,"  San Jose, CA   ", Imagry,2,7,1
Engineering Technical Writer - Simulink Deep Learning,MathWorks,"  Natick, MA   ", MathWorks,2,1,1
Deep Learning Image Analysis Scientist - Now Hiring,"Liberty Personnel Services, Inc","  Trenton, NJ   ", Snagajob,1,1,5
Deep Learning Engineer,EnsoData,"  Madison, WI   ", Lensa,2,3,2
"Data Scientist - Ads Measurement - Chicago, IL",Walmart,"  Schererville, IN   ", ZipRecruiter,9,2,30
Data Scientist - Bioinformatics,MD Anderson,"  Houston, TX   ", MD Anderson - MD Anderson Cancer Center,1,1,1
Lead Data Scientist,SPECTRUM,"  Colorado Springs, CO   ", Spectrum Careers,1,2,1
Data Scientist - Credit Risk,Cottonwood Financial,"  Irving, TX   ", LinkedIn,2,5,33
Data Scientist/Biostatistician,Peraton, Anywhere , Peraton - ICIMS,2,108,2
Data Scientist,Darwin Recruitment Switzerland,"  Chicago, IL   ", Darwin Recruitment,1,11,1
"Staff Data Scientist, Ad Formats & Optimization Analytics (Remote)",Reddit, Anywhere , Built In,2,108,7
Senior Data Scientist (Hybrid),"Globe Life, Inc",  United States   , Globe Life Careers,1,24,1
Data Scientist Intern,6sense,"  Austin, TX   ", Greenhouse,1,3,11
Senior Data Scientist,NextEra Energy,"  St Paul, MN   ", NextEra Energy,1,2,1
Senior Data Scientist - Model Owner,PNC,"  Downers Grove, IL   (+12 others)   ", PNC Careers,1,1,1
Data Scientist,Robert Half, Anywhere , Robert Half,3,108,2
Data Scientist,Love's Travel Stops,"  Oklahoma City, OK   ", Loves - Love's Travel Stops,1,5,1
"Lead Data Scientist, Credit",Dave Inc.,  United States   , Lever,1,24,13
Lead Data Scientist,Health Care Service Corporation,"  Chicago, IL   ", ZipRecruiter,1,11,30
Data Scientist Senior,CHRISTUS Health,"  Irving, TX   ", Christus Health Careers,2,5,2
"Senior Data Scientist, Applied Methods",CoreLogic, Anywhere , LinkedIn,1,108,33
"Senior Data Scientist - QuantumBlack - Growth, Marketing & Sales",McKinsey & Company,  United States   (+21 others)   , McKinsey,1,1,1
Lead Data Scientist - 1st Shift,GXO Logistics,"  Clayton, IN   ", Gxo,1,1,1
Principal Data Scientist,Curriculum Associates,  United States   , Jobvite,1,24,2
Data Scientist (Time Series Analysis and Forecasting) at Experfy...,Experfy,"  Westborough, MA   "," Westborough, MA - Geebo",1,1,1
Time Series Analyst,Planet Pharma,"  South San Francisco, CA   ", LinkedIn,1,5,33
Ionosphere Phase Estimation for InSAR Time Series Analyses,NASA Jet Propulsion Laboratory California Institut,"  Pasadena, CA   ", Ladders,1,1,5
Sr. Data Scientist (Time Series Forecasting for Advanced IoT...,"Caterpillar, Inc","  Chicago, IL   "," Chicago, IL - Geebo",1,11,1
Business Analyst (Time Series Modeling),Upwork, Anywhere , Upwork,34,108,34
Simulate simple Mathematical model for nonlinear dynamical time...,Upwork, Anywhere , Upwork,34,108,34
Timseseries ML Expert,Upwork, Anywhere , Upwork,34,108,34
Deep Learning Engineer,WayUp,"  Palo Alto, CA   ", JobLeads,3,9,7
"Software Engineer, Machine Learning - Generative AI",Facebook,"  New York, NY   ", LocalJobs.com,3,23,5
"Senior AI Scientist, Perturbation Biology (Artificial...",Genentech,"  South San Francisco, CA   ", Genentech,3,5,2
Deep Learning Engineer,The Phoenix Group,"  Teaneck, NJ   ", LinkedIn,2,2,33
Deep Learning Engineer,EnsoData,"  Madison, WI   ", Lensa,2,3,2
Deep Learning Researcher,Topaz Labs,"  Dallas, TX   ", Salary.com,1,4,6
AI and Machine Learning (ML) Performance Engineer,SynergisticIT,"  Boerne, TX   ", ZipRecruiter,1,1,30
"Senior AI/ML Ops Engineer, Deep Learning for Natural Language...",Covera Health,"  New York, NY   ", Greenhouse,2,23,11
Research Intern - Deep Learning & Natural Language Processing,Microsoft,"  Redmond, WA   ", Microsoft Careers,5,3,4
Machine Learning Engineer,Booz Allen Hamilton,"  Suffolk, VA   ", Booz Allen Hamilton,5,1,3
Cloud Software Engineer 2 - Security Clearance Required,Raytheon Technologies,"  Annapolis, MD   ", FOX44 News Jobs,3,4,3
Cloud Software Engineer,WayUp,"  Washington, DC   ", JobLeads,3,4,7
Senior Cloud Solutions Architect Secret Clearance,inforeliance,"  Washington, DC   ", WayUp,1,4,1
Cloud Design Engineer,Novetta,"  Annapolis Junction, MD   ", Startup Jobs,1,12,8
Sr. SDE,Amazon.com Services LLC,"  Palo Alto, CA   "," Palo Alto, CA - Geebo",1,9,1
Technical Lead/Architect (Big data Lead with GCP),Zortech Solutions,"  San Francisco, CA   ", Big Country Jobs,1,16,1
Cloud Software Engineer HYBRID,Limitless Talent Solutions,"  Catonsville, MD   ", ZipRecruiter,2,3,30
Java Springboot Cloud developer,HexaQuest Global,"  Weehawken, NJ   ", WRBL Jobs,1,1,2
Cloud Software Engineer 3,"Avid Technology Professionals, LLC","  Annapolis, MD   ", JobLeads,1,4,7
Cloud Design Engr (CDE2)- TS/SCI with Poly,CACI,"  Annapolis Junction, MD   ", Indeed,2,12,7
Need Consulting on Training a (DEEP) Neural Network and...,Upwork, Anywhere , Upwork,34,108,34
Machine Learning Software Engineer,Owl Autonomous Imaging,  New York   , AngelList,1,1,19
Sr. Algorithm Engineer - ML/NN Research expertise,Certified Employment Group,"  Santa Clara, CA   ", ZipRecruiter,1,4,30
"Machine Learning Scientist, Autopilot AI",Tesla,"  Palo Alto, CA   ", LinkedIn,2,9,33
Train a DEEP Neural Network (e.g. transformer) to back-engineer...,Upwork, Anywhere , Upwork,34,108,34
"Machine Learning Engineer, Graph Intelligence",Robinhood,"  Menlo Park, CA   ", Menlo Park CA Geebo.com Free Classifieds Ads - Geebo,1,5,1
Masterarbeit zu physics-informed neural networks für die Auslegung...,Bosch Group LLC,"  Ruston, LA   ", StartWire,1,1,3
Neural Network to predict future forex prices using optimised with...,Upwork, Anywhere , Upwork,34,108,34
Building Artificial Neural Networks + Computational intelligence...,Upwork, Anywhere , Upwork,34,108,34
"AI/ML - Deep Learning Software Engineer, CoreML, Machine Learning...",Apple,"  Seattle, WA   "," Seattle, WA - Geebo",10,7,1
AI Research Scientist- Reinforcement Learning and Multi-Agent...,jpmc/CX_1001,"  New York, NY   ", Salary.com,1,23,6
Machine Learning Engineer,Armorblox, Anywhere , AngelList,1,108,19
Software Engineer (Machine Learning),Anyscale,"  San Francisco, CA   ", Lever,1,16,13
"Artificial Intelligence Research Scientist, Reinforcement Learning...",JPMorgan Chase,"  New York, NY   ", LocalJobs.com,3,23,5
Machine Learning Engineer Jobs,Booz Allen Hamilton,"  Bethesda, MD   ", Clearance Jobs,5,2,5
Need a Reinforcement Learning Model that optimises time spent in a...,Upwork, Anywhere , Upwork,34,108,34
"Machine Learning Engineer, Planning - SPG",Apple,"  Cupertino, CA   ", Careers At Apple,10,7,8
Machine Learning Engineer,Unify Consulting,"  Kirkland, WA   ", Startup Jobs,2,1,8
Machine Learning Engineer,Shaped,"  New York, NY   ", Y Combinator,1,23,1
Machine Learning Engineer Intern,Fortinet,"  Sunnyvale, CA   ", ZipRecruiter,1,4,30
Machine Learning Internship,Got It,"  Palo Alto, CA   ", Ladders,1,9,5
Senior Machine Learning Engineer - Data Automation,Bloomberg,"  New York, NY   ", EFinancialCareers,1,23,1
"Lead, Software Engineer- Machine Learning/Artificial Intelligence",L3Harris Technologies,"  Plano, TX   ", L3Harris,1,2,1
"Senior Data Engineer, Machine Learning",Harnham,"  San Francisco, CA   ", Harnham,1,16,1
Principal Machine Learning Engineer at Cision in Remote,Cision,"  Boulder, CO   "," Boulder, CO - Geebo",1,3,3
Machine Learning Data Scientist,Cyrad Solutions LLC,"  Bethesda, MD   ", Career Page,1,2,1
Staff Machine Learning Engineer - Staff Data Scientist,Walmart,"  Mesquite, TX   ", ZipRecruiter,9,2,30
"Senior Technical Program Manager II, Machine Learning, Google Cloud",Google,"  New York, NY   (+2 others)   ", Google Careers,4,1,3
Machine Learning Scientist – NLP - Vice President - Machine...,JPMorgan Chase,"  New York, NY   ", Banking/ Accounting/ Financial Jobs,3,23,1
Applied Machine Learning Scientist,Grainger,"  Chicago, IL   ", Grainger - Talentify,1,11,1
"Data Analyst, Internal Audit",CO0001 The New York Times Company, Anywhere , Workday,1,108,7
Data Analyst,ASK Staffing,"  Bentonville, AR   ", ASK Consulting,2,6,2
Data Analyst,ICF,"  Topeka, KS   ", Adzuna,1,2,1
Data Analyst,Invitae, Anywhere , LinkedIn,1,108,33
IT Data Analyst II,Lucet (New Directions Behavioral Health),  United States   , ApplicantPro,1,24,1
Data Analyst 3 - Loyalty Analytics - Remote,Nordstrom, Anywhere , Nordstrom - Talentify,1,108,1
HR Data Analyst,Michael Page, Anywhere , Michael Page,1,108,1
Financial Data Analyst,Children's Hospital Association,"  Lenexa, KS   ", Diversity Jobs,1,1,1
Data Analyst - Reporting and Analytics,"Scratch Financial, Inc.",  United States   , Lever,1,24,13
Lab Data Analyst,State of Oklahoma,"  Oklahoma City, OK   ", Monster,1,5,4
Adjunct - Neural Networks and Deep Learning - Cohort Traditional...,Grand Canyon University,"  Phoenix, AZ   ", HigherEdJobs,1,1,1
Python Engineer - Computer Vision / Neural Network,Braintrust,"  San Francisco, CA   ", Salary.com,1,16,6
System-2 Deep Learning and Neural Reasoning Researcher,Qualcomm,"  San Diego, CA   ", Jora,1,2,2
Neural Network Scientist,Wolfram,"  Champaign, IL   ", BeBee,1,1,2
Physics-Informed Neural Networks Researcher,OriGen.AI,"  New York, NY   ", LinkedIn,1,23,33
Expert on Graph Neural Networks applied to Social Media Analysis,Upwork, Anywhere , Upwork,34,108,34
PhD position in Deep Neural Networks with Dempster Shafer Theory,Université d'Artois / LGI2A,"  Bethune, SC   ", Glassdoor,1,1,5
Python Engineer - Computer Vision / Neural Network (Remote),Keyo, Anywhere , ZipRecruiter,1,108,30
Postdoctoral Machine Learning Systems Engineer,DATA FUSION & NEURAL NETWORKS, Anywhere , LinkedIn,1,108,33
Software engineer (Machine Learning/Computer Vision/Neural...,Cadence Design Systems,"  San Jose, CA   "," San Jose, CA - Geebo",1,7,1
Data Scientist II - Reinforcement Learning (remote),"MultiPlan, Inc","  Atlanta, GA   ", Jooble,1,4,7
Reinforcement Learning Researcher (Washington DC),STR,"  Washington, DC   ", Built In,2,4,7
Machine Learning Scientist Internship - Reinforcement Learning,Coursera Sourcing,"  Mountain View, CA   ", Greenhouse,1,3,11
"Senior Manager, Data Science - Reinforcement Learning (Remote)",Home Depot / THD, Anywhere , Glassdoor,1,108,5
Data Scientist II - Reinforcement Learning (remote),MultiPlan, Anywhere , ZipRecruiter,2,108,30
Lead Reinforcement Learning Engineer,Samson Rose, Anywhere , LinkedIn,1,108,33
Reinforcement Learning Software Engineer,MathWorks,"  Southborough, MA   ", Ladders,2,1,5
"Senior Manager, Data Science - Reinforcement Learning (Remote)",The Home Depot,  United States   , Careers.peopleclick.com,1,24,1
Machine Learning Engineer: Deep Reinforcement Learning,Primordial Labs, Anywhere , Primordial Labs,1,108,1
Post Doc Researcher - Machine Learning and Reinforcement Learning...,Microsoft,"  New York, NY   ", Microsoft Careers,5,23,4
(USA) Data Scientist,Walmart,"  Bentonville, AR   ", Walmart Careers,9,6,4
Data Scientist II,University of Wisconsin-Madison,"  Madison, WI   ", The Chronicle Of Higher Education Jobs,1,3,1
Data Scientist,Booz Allen Hamilton,  United States   , Booz Allen Hamilton,5,24,3
Data Scientist - All Levels,FedEx,  United States   , FedEx Careers,2,24,2
Data Scientist/ Sr. Data Scientist,Colgate-Palmolive Company,"  Topeka, KS   ", Jobs At Colgate,1,2,1
Data Scientist/Senior Data Scientist (Data Management) (STADS),International Monetary Fund, Anywhere , Workday,1,108,7
Data Scientist II (1),Caterpillar,"  Illinois City, IL   ", Caterpillar Careers,1,1,1
Data Scientist,Abbott Laboratories,"  Austin, TX   ", Abbott Jobs,1,3,1
Data Scientist,Northwestern University,"  Evanston, IL   ", ZipRecruiter,1,1,30
Senior Principal Data Scientist,Walgreens,"  Deerfield, IL   ", Walgreens,1,1,1
Machine Learning Engineer/Scientist,Unlearn.AI,"  Boston, MA  (+1 other)    ", Wellfound,1,1,1
Senior machine learning engineer needed for technical interview,Upwork, Anywhere , Upwork,34,108,34
Post-Doctoral Associate in Statistical Genetics/Omics/Imaging and...,University of Minnesota,"  St Paul, MN   ", JobLeads,1,2,7
Machine Learning Engineer at PathAI in Remote,PathAI,"  Cary, NC   "," Cary, NC - Geebo",1,1,1
Machine Learning Engineer (Remote),Curai,  California   , Lever,1,2,13
Deep Learning Engineer,The Phoenix Group,"  Teaneck, NJ   ", LinkedIn,2,2,33
Sales Engineer - Deep Learning,Neural Magic,"  Somerville, MA   ", Startup Jobs,3,3,8
"Deep Learning Research Engineer, 3D Computer Vision - SPG",Apple,"  Cupertino, CA   ", Salary.com,10,7,6
Senior AI/ML Engineer - Sequence Learning,GSK,"  San Francisco, CA   ", GSK Careers Job Search - Jobs,2,16,1
Director of Artificial Intelligence and Machine Learning (AI/ML...,Armis Industries, Anywhere , AngelList,2,108,19
Director of Artificial Intelligence and Machine Learning (AI/ML...,Armis Industries, Anywhere , AngelList,2,108,19
2023 Intern - Machine Learning Engineer,Adobe,"  San Jose, CA   ", Adobe - Talentify,1,7,1
A/AI Machine Learning Engineer Senior Jobs,Lockheed Martin,"  Littleton, CO   ", Clearance Jobs,3,3,5
Deep Learning Support Engineer (Remote) at AssemblyAI in San...,AssemblyAI,"  San Francisco, CA   "," San Francisco, CA - Geebo",2,16,2
Sr / Staff Research Scientist- Deep Learning & Computer Vision.,Deeproute.ai,"  Fremont, CA   ", Jobs By Workable,1,1,5
"AI Scientist, Deep Learning",Absci, Anywhere , LinkedIn,1,108,33
Computer Vision & Deep Learning Research Scientist,MoTek Technologies,"  Mountain View, CA   ", MoTek Technologies,2,3,2
"Staff Machine Learning Engineer - NLP, LLM, Deep-Learning",Eightfold AI,"  Santa Clara, CA   ", Glassdoor,1,4,5
"Solutions Architect, AI Specialist",2100 NVIDIA USA, Anywhere , Workday,2,108,7
Machine Learning Engineer,Kitware,  United States  (+1 other)    , Simplify,3,3,3
Blockchain Analyst,Crypto.com,"  Miami, FL   ", Simplify,2,2,3
Blockchain Developer for NFT Website Development,Upwork, Anywhere , Upwork,34,108,34
Blockchain Technology Instructor,University of California Los Angeles,"  Los Angeles, CA   "," Higher Education Recruitment Consortium (HERC), HERC Jobs",1,8,1
Blockchain Technical Expert,Swift,"  Manassas, VA   ", LinkedIn,1,1,33
Blockchain Technical Support (BNB Chain),Binance,  United States   , Powderkeg,1,24,1
Software Engineer - Blockchain Security,ZetaChain, Anywhere , Snap.hr,1,108,1
Blockchain Engineer,21.co, Anywhere , ZipRecruiter,2,108,30
Senior Product Manager (Blockchain),"Trac Technologies, Inc.","  Los Angeles, CA   ", Lever,1,8,13
"Blockchain Engineer Intern, CBDC (Summer 2023)",Ripple,  United States  (+1 other)    , AngelList,1,3,19
Blockchain Engineer,Resource 1,"  Chicago, IL   ", Dice,1,11,6
Bioinformatics Data Scientist,LandOLakes,"  Arden Hills, MN   ", Land O Lakes Careers - Land O'Lakes Inc.,1,1,1
Data Scientist,"Global IDEAS, Michigan State University",  United States   , Devex,1,24,1
Senor Data Scientist,Blue Cross Blue Shield of Minnesota,"  Eagan, MN   ", Blue Cross Blue Shield Of Minnesota,1,1,1
"Data Scientist II, Associate",AbbVie,"  North Chicago, IL   ", BioSpace,1,1,1
Senior Data Scientist,Sam's Club,"  Bentonville, AR   ", Walmart Careers,1,6,4
"Data Scientist II, Associate",ABBVIE,  Illinois   , AbbVie Careers,1,1,1
"Data Scientist - Ads Measurement - Chicago, IL",Walmart,"  Schererville, IN   ", ZipRecruiter,9,2,30
Data Scientist,ISSAC LLC,"  Huntsville, AL   ", DataYoshi,1,1,1
Data Scientist - Credit Risk,Cottonwood Financial,"  Irving, TX   ", LinkedIn,2,5,33
"Staff Data Scientist, Ad Formats & Optimization Analytics (Remote)",Reddit, Anywhere , Built In,2,108,7
Research Associate  in Natural Language Processing - Now Hiring,SRI International,"  Menlo Park, CA   ", Snagajob,3,5,5
Audit & Assurance - Machine Learning & Natural Language Processing...,Deloitte,"  Princeton, NJ   ", Deloitte Jobs,3,1,3
"Research Scientist, Natural Language Processing and Responsible AI",Facebook,"  New York, NY   ", Trabajo.org,3,23,2
Technical Leader - Natural Language Processing (NLP),Kitware,"  Arlington, TX   ", Getwork,3,1,1
"Lead Research Scientist, Natural Language Processing",Snap Inc.,"  Los Angeles, CA   ", Jooble,4,8,7
Machine Learning Engineer – Natural Language Processing ...,MoTek Technologies,"  San Francisco, CA   ", MoTek Technologies,2,16,2
"Software Engineer, Natural Language Processing – Cambridge,MA",Kovasys,"  Cambridge, MA   ", Kovasys,1,3,1
"Data Scientist, Natural Language Processing",Dana–Farber Cancer Institute, Anywhere , Karkidi,1,108,7
Data Scientist - Natural Language Processing remote,MultiPlan,"  Atlanta, GA   ", Jobilize,2,4,1
Assistant Research Professor - Machine Learning and Natural...,Johns Hopkins University,"  Baltimore, MD   ", Mendeley,2,2,2
"Machine Learning Engineer, Framework (Planning) - SPG",Apple,"  Cupertino, CA   ", Careers At Apple,10,7,8
Research Scientist in Reinforcement Learning,InstaDeep Ltd,"  Boston, MA   ", LinkedIn,1,4,33
Applied Large Language Models and Reinforcement Learning Engineer,SommerAI, Anywhere , AngelList,1,108,19
Research Intern - Reinforcement Learning MSRNYC,Microsoft Corporation,"  New York, NY   ", New York Seasonal Jobs - New York State,1,23,1
Expert in Deep Reinforcement Learning needed,Upwork, Anywhere , Upwork,34,108,34
Machine Learning Data Engineer,Oak Ridge National Laboratory,"  Oak Ridge, TN   ", ORNL Jobs - Oak Ridge National Laboratory,4,4,4
Research Scientist in Reinforcement Learning,InstaDeep, Anywhere , ZipRecruiter,1,108,30
"Machine Learning Lead, Creativity Apps",Apple,"  New York, NY   ", Careers At Apple,10,23,8
Machine Learning Engineer (Remote),Generally Intelligent, Anywhere , AngelList,1,108,19
Staff Data Scientist | Reinforcement Learning,Walmart Global Tech,"  Sunnyvale, CA   ", LinkedIn,2,4,33
"Physical Therapist, Neural Network Research",UCLA Health Systems,"  Los Angeles, CA   ", Getting Hired,1,8,1
Senior Systems Software Engineer (DeepSparse Engine),Neural Magic,"  Somerville, MA   ", Jobs By Workable,3,3,5
Senior Software Engineer (Python / Deep Neural Networks),Jobot,"  New York, NY   ", Dice,4,23,6
"HPC Software Engineer, DeepSparse Engine",Neural Magic,"  Somerville, MA   ", Startup Jobs,3,3,8
"Senior Product Manager, Gaming-Web3 (AI/Neural Networks)",Three Pillars Recruiting,"  Los Angeles, CA   ", LinkedIn,1,8,33
Neuromorphic AI Engineer,"Gen Nine, Inc.","  Covington, KY   "," Gen Nine, Inc.",1,1,1
"ML Architecture design, neural networks and diagrams - Contract to...",Upwork, Anywhere , Upwork,34,108,34
Deep Learning Engineer,Apple,"  Cupertino, CA   ", Careers At Apple,10,7,8
"Machine Learning Engineer – Neural Network Optimization, Autopilot AI",Tesla,"  Palo Alto, CA   ", Karkidi,2,9,7
"ML Engineer, Deep Learning & NLP",Forethought,"  San Francisco, CA   ", AngelList,1,16,19
Machine Learning Engineer/ Data Scientist- NLP 2023 Summer Intern...,Supportiv,"  Irvine, CA   ", FOX 5 San Diego Jobs,4,1,1
Data Scientist II - Natural Language Processing (NLP),Bank of America,"  Charlotte, NC   ", Karkidi,1,1,7
"Lead Research Scientist, Natural Language Processing",Snap Inc.,"  Los Angeles, CA   ", Jooble,4,8,7
Machine Learning Engineer/ Data Scientist- NLP 2023 Summer Intern...,Supportiv,"  Columbus, OH   ", WJHL Jobs,4,1,2
Assistant Research Professor - Machine Learning and Natural...,Johns Hopkins University,"  Baltimore, MD   ", Mendeley,2,2,2
Spanish Natural Language Processing Dialog Engineer - Watson Orders,IBM Careers,"  Mountain View, CA   ", ZipRecruiter,1,3,30
Natural Language Processing Scientist (NLP),"Westbourne Quantitative Trading, Technology & Research","  Chicago, IL   ", Indeed,1,11,7
NLP (natural language processing) Analyst - India Remote,Degreed,"  Pleasanton, CA   ", Employbl,1,1,2
Senior Natural Language Processing Researcher,Leidos,"  Herndon, VA   ", Monster,2,1,4
Senior Natural Language Processing Researcher,Tencent Americas,"  Seattle, WA   ", CareerBuilder,2,7,1
Senior machine learning engineer needed for technical interview,Upwork, Anywhere , Upwork,34,108,34
Sr. Deep Learning Optimization Engineer,Rivian,  California   , Goodgigs,1,2,1
Machine Learning Engineer,mozee, Anywhere , AngelList,1,108,19
JUNIOR AND SENIOR DEEP LEARNING ENGINEERS,Innopeak Tech Inc,"  Palo Alto, CA   ", International Symposium On Visual Computing,1,9,1
"(Senior) Scientist, Deep Learning",Flagship Pioneering,"  Cambridge, MA   ", Flagship Pioneering - Talentify,1,3,1
Machine Learning Engineer,Unify Consulting,"  San Francisco, CA   ", Lever,2,16,13
Technical Product Owner - Deep Learning,Premier System,"  Lincolnshire, IL   ", Indeed,1,1,7
Summer 2023 Intern - Machine Learning (Masters/PhD),Ansys,"  San Jose, CA   ", Search Ansys Careers - Ansys,1,7,1
"Senior Deep Learning Researcher, Speech",AssemblyAI, Anywhere , LinkedIn,2,108,33
Machine Learning Engineer,RIOS Intelligent Machines,"  Menlo Park, CA   ", Greenhouse,2,5,11
Backend Blockchain Developer - Staked,Kraken Digital Asset Exchange, Anywhere , ZipRecruiter,2,108,30
Blockchain Engineer,Jump Crypto,"  Chicago, IL   ", Startup Jobs,1,11,8
Sr Blockchain Engineer/Blockchain Engineer/Smart Contract Engineer,VIMworld, Anywhere , VIMworld,1,108,1
Senior Software Engineer - Blockchain Network (100% Remote),Jobot, Anywhere , Dice,4,108,6
Sr. Decentralized Systems Engineer - Blockchain,"BloKchain Talent, LLC","  Sausalito, CA   ", SmartRecruiters Job Search,1,1,5
Blockchain & Digital Assets Senior,Deloitte,"  Las Vegas, NV   ", Deloitte Jobs,3,1,3
Software Development Manager - Amazon Managed Blockchain (AMB...,"Amazon Dev Center U.S., Inc.","  Boulder, CO   "," Boulder, CO - Geebo",2,3,3
Social Media Marketing (Blockchain/Crypto),Bitquery, Anywhere , AngelList,2,108,19
"Infrastructure Engineer, Blockchain",OAK Network, Anywhere , Jobs,1,108,4
UX/UI Designer I,Fox Corporation,"  Austin, TX   ", FOX Careers,1,3,1
Applied Machine Learning - Postdoctoral Researcher Jobs,Lawrence Livermore National Laboratory,"  Livermore, CA   ", Clearance Jobs,1,3,5
AI Machine Learning Scientist,Saxon Global Inc,"  Chicago, IL   ", Jooble,1,11,7
Computer Vision/Machine Learning Engineer (FT),Edgetensor Technologies,"  Dallas, TX   ", Indeed,1,4,7
Machine Learning Engineer III,Expedia Group,"  Seattle, WA   ", Expedia Group - Talentify,2,7,2
"Senior AI Scientist, Perturbation Biology (Artificial...",Genentech,"  South San Francisco, CA   ", Genentech,3,5,2
Machine Learning Engineer,Technical Link,"  Santa Clara, CA   ", Dice,1,4,6
Data Extraction Program with OCR and Machine Learning,Upwork, Anywhere , Upwork,34,108,34
Machine Learning Technical Support,Johns Hopkins Applied Physics Laboratory,"  Laurel, MD   ", Jobs - Johns Hopkins University Applied Physics Laboratory,2,2,2
Machine Learning Infrastructure Engineer,Warner Bros. Discovery,"  Culver City, CA   ", ShowbizJobs,1,1,1
Machine Learning Researcher,STR,"  Woburn, MA   ", Jobs By Workable,2,1,5
"Sr. Data Analyst, Electric Vehicles",WEX, Anywhere , LinkedIn,1,108,33
Supplier Diversity Data Analyst - Remote,Corporate,  Missouri  (+1 other)    , Centene - Centene Corporation,3,1,3
Reconciliation Data Analyst II,InComm Payments,  United States   , InComm Payments Careers,1,24,1
"Sr. Data Analyst, Marketing Operations",Cox Enterprises,  United States   (+26 others)   , Cox Careers - Cox Enterprises,2,2,2
Data Analyst,"Atmosfy, Inc", Anywhere , Glassdoor,1,108,5
Data Analyst,Life.Church,"  Edmond, OK   ", Lever,1,1,13
Senior Data Analyst (eDiscovery Manager),Walmart,"  Bentonville, AR   ", Walmart Careers,9,6,4
Data Analyst II,Lockton Companies,"  Kansas City, MO   ", ZipRecruiter,1,1,30
Data Analyst Advisor,FedEx,  United States   , FedEx Careers,2,24,2
Data Analyst/Drilling Engineering Technician,Airswift,"  Oklahoma City, OK   ", Airswift,2,5,2
65 Cloud Design Engineer 2,ARSIEM,"  Annapolis Junction, MD   ", Lever,2,12,13
Cloud Design Engineer (TS/SCI + Poly) - Security Clearance Required,The DarkStar Group,"  Annapolis Junction, MD   ", WOWKtv Jobs,1,12,1
Data Architect,Applied Information Sciences,"  Reston, VA   ", AIS Careers - Applied Information Sciences,1,2,1
"Data Cloud Engineer, Senior",Booz Allen Hamilton,"  Chantilly, VA   ", Booz Allen Hamilton,5,1,3
"Data Architect, Big Data, Cloud Technologies",Elevance Health,"  Chicago, IL   ", Karkidi,2,11,7
248 Cloud Software Engineer 3 - Security Clearance Required,Arsiem Corporation,"  Annapolis Junction, MD   ", WJHL Jobs,2,12,2
"Cybersecurity - Cloud Software Engineer - Hadoop, Big Data","Erias Ventures, LLC","  Annapolis Junction, MD   ", ZipRecruiter,2,12,30
Big Data Architect,Johnson Technology Systems Inc.,"  Washington, DC   ", Ladders,1,4,5
Scrum Master/Business Analyst (Cloud computing / Data integration),Trigyn,"  White Plains, NY   ", Trigyn,1,1,1
Cloud Design Engineer 2 - Security Clearance Required,Raytheon Technologies,"  Annapolis, MD   ", FOX44 News Jobs,3,4,3
"Sales Engineer, Data Analytics, Google Cloud",Google,"  Salt Lake City, UT   ", Google Careers,4,3,3
John Deere (Cloud & Big Data Engineer)_2022.06,Full Stack Resources,"  Moline, IL   ", Recruiterflow,1,1,1
"Cloud Consultant, Big Data and Analytics, Google Cloud",Google,"  Reston, VA   ", Karkidi,4,2,7
"Lead Software Engineer, Cloud and Big Data",JPMorgan Chase,"  Wilmington, DE   ", LocalJobs.com,3,1,5
"Data Architect, Big Data, Cloud Technologies",Elevance Health,"  Atlanta, GA   ", ZipRecruiter,2,4,30
"Sales Engineer, Data Analytics, Google Cloud",Google Inc.,"  Salt Lake City, UT   ", Jooble,1,3,7
"Customer Engineer, Data Analytics, Google Cloud",Google,  United States  (+1 other)    , Google Careers,4,3,3
Cloud Support Engineer I - Big Data,"Amazon Web Services, Inc.","  Salt Lake City, UT   ", Salt Lake City UT Geebo.com Free Classifieds Ads - Geebo,2,3,1
65 Cloud Design Engineer 2,ARSIEM,"  Annapolis Junction, MD   ", Lever,2,12,13
Big Data Cloud Architect,Tephra Inc.,"  Edison, NJ   ", BeBee,1,1,2
Senior Data Analyst,apree health,  United States   , Jobvite,1,24,2
Data Analyst | Business Intelligence Report Developer,Robert Half,"  Olathe, KS   ", Robert Half,3,2,2
Data analyst pension,Aon,  United States   , JobLeads,1,24,7
Data Analyst II - Now Hiring,Superior HealthPlan,"  Roxton, TX   ", Snagajob,1,1,5
Sales Data Analyst,Elsevier Inc. Company, Anywhere , Workday,1,108,7
Data Analyst II,Cenetene Corporation,"  Jefferson City, MO   ", LocalJobs.com,1,1,5
Data Analyst,Aon Careers,  United States   , Jora,1,24,2
Account Data Analyst,Amerit Fleet Solutions,  United States   , Amerit Fleet Solutions Amerit Fleet Solutions - ICIMS,1,24,1
Machine Learning Expert/ Data Analyst needed for a uni project,Upwork, Anywhere , Upwork,34,108,34
Business / Data analyst,Virtue Group, Anywhere , Salary.com,1,108,6
Senior machine learning engineer needed for technical interview,Upwork, Anywhere , Upwork,34,108,34
Senior Machine Learning Engineer,Encipher Technology,  Texas   , Encipher Technology,1,2,1
Staff Machine Learning Engineer - Staff Data Scientist,Walmart,"  Mesquite, TX   ", ZipRecruiter,9,2,30
Machine Learning Engineer,Covariant,"  Emeryville, CA   ", Lever,1,1,13
Machine Learning Engineer,JR Software Solutions, Anywhere , LinkedIn,1,108,33
Machine Learning Engineer,Booz Allen Hamilton,  United States   , JobLeads,5,24,7
Machine Learning Engineer,RIOS Intelligent Machines,"  Menlo Park, CA   ", Greenhouse,2,5,11
A/AI Machine Learning Engineer Senior Jobs,Lockheed Martin,"  Littleton, CO   ", Clearance Jobs,3,3,5
Senior Machine Learning Engineer - Cell State Modeling - US,GSK,"  Cambridge, MA   ", The Muse,2,3,2
Senior Machine Learning Engineer - Emerging Technologies,General Electric,"  Grand Rapids, MI   ", GE Jobs,1,1,1
Full Stack Blockchain Engineer,Snickerdoodle Labs,"  San Jose, CA   ", Greenhouse,1,7,11
Senior Blockchain Research Analyst,Analog,"  San Francisco, CA   ", Lever,1,16,13
"Principal Software Engineer, Wallet Blockchain",Fidelity Investments Careers,"  Durham, NC   ", Fidelity Careers - Fidelity Investments,1,1,1
"Blockchain Engineer,  Smart Contract",VC-Backed Metaverse Startup, Anywhere , AngelList,1,108,19
Blockchain Engineer,Blockdaemon, Anywhere , Indeed,1,108,7
"Software Engineer, Blockchain Core (Remote)",Aptos, Anywhere , Built In,1,108,7
Backend Blockchain Developer - Staked,Kraken Digital Asset Exchange, Anywhere , ZipRecruiter,2,108,30
Software Development Manager - Amazon Managed Blockchain (AMB...,"Amazon Dev Center U.S., Inc.","  Boulder, CO   "," Boulder, CO - Geebo",2,3,3
Social Media Marketing (Blockchain/Crypto),Bitquery, Anywhere , AngelList,2,108,19
Blockchain Operations - Technical Analyst,Chainlink Labs, Anywhere , LinkedIn,1,108,33
Data Scientist (NLP - Natural Language Processing),Authenticx, Anywhere , StartWire,2,108,3
Spanish Natural Language Processing Dialog Engineer,IBM Corporation,"  Sacramento, CA   ", Trabajo.org,1,1,2
Natural Language Processing Engineer,"Brain Technologies, Inc.","  San Mateo, CA   ", Karkidi,1,3,7
Machine Learning Engineer/ Data Scientist- NLP 2023 Summer Intern...,Supportiv,"  San Jose, CA   ", WDHN Jobs,4,7,1
"AI Technology and Systems, Artificial Intelligence Researcher...",MIT Lincoln Laboratory,"  Lexington, MA   ", Jobs At MIT Lincoln Laboratory - Massachusetts Institute Of Technology,2,2,2
Machine Learning Engineer/ Data Scientist- NLP 2023 Summer Intern...,Supportiv,"  Chicago, IL   ", KLFY Jobs,4,11,2
Post-Doc Researcher for Natural Language Processing,Robert Bosch,"  Sunnyvale, CA   ", Ladders,1,4,5
Technical Leader - Natural Language Processing (NLP),Kitware,"  Minneapolis, MN   ", ZipRecruiter,3,1,30
"Lead Research Scientist, Natural Language Processing",Snap Inc.,"  Los Angeles, CA   ", Jooble,4,8,7
Research Associate  in Natural Language Processing - Now Hiring,SRI International,"  Menlo Park, CA   ", Snagajob,3,5,5
